7819A,1897
7820L,1501
N001AA,3157
N002AA,3297
N003AA,3500
N004AA,4263
N005AA,4306
N006AA,4078
N007AA,4498
N008AA,3538
N009AA,3766
N010AA,4248
N011AA,4370
N012AA,4381
N013AA,4393
N014AA,4645
N015AA,4235
N016AA,3615
N017AA,3780
N018AA,2523
N019AA,3602
N020AA,3480
N021AA,4469
N022AA,4318
N023AA,4268
N024AA,3752
N025AA,4600
N026AA,4005
N027AA,3656
N028AA,2372
N029AA,4420
N030AA,3629
N031AA,4574
N032AA,3044
N102AA,651
N102UW,3254
N103AA,505
N103SY,3867
N103US,3419
N104AA,2006
N104UA,5023
N104UW,3117
N10575,2195
N105AA,76
N105SY,3631
N105UA,5031
N105UW,3084
N106SY,4066
N107AA,68
N107SY,4124
N107UA,5034
N107US,3140
N108AA,129
N108SY,4320
N108UW,2980
N109AA,249
N109SY,4152
N109UW,2745
N110AA,290
N110SY,4097
N110UW,3213
N11107,3026
N11109,2310
N11127,288
N11140,1037
N11150,1592
N11164,1863
N11165,3119
N11176,1966
N11181,3061
N11184,2130
N11187,964
N11189,2781
N11191,2181
N11192,1994
N11193,3222
N11194,3335
N11199,2822
N111AA,185
N111US,2323
N11206,2794
N112AA,610
N112US,2008
N113SY,3931
N114AA,392
N114SY,4553
N114UW,2960
N11526,166
N11535,2654
N11536,3070
N11539,2937
N11544,2221
N11547,2554
N11548,2938
N11551,2472
N11565,2927
N116SY,4330
N116UA,4204
N117AA,328
N117SY,3697
N117UA,5033
N117UW,3753
N118AA,818
N118SY,4257
N118UA,5027
N118US,2402
N119AA,2814
N119SY,3883
N119UA,1149
N119US,3908
N1200K,4640
N1201P,3682
N120SY,4447
N120UA,4508
N12109,4433
N12114,3868
N12116,3013
N12125,3838
N12135,3179
N12136,2399
N12142,3180
N12157,2848
N12160,1764
N12163,1257
N12166,2509
N12167,3733
N12172,2740
N12175,2842
N12195,1723
N121AA,816
N121DE,3043
N121SY,4423
N121UA,4913
N121UW,3813
N12201,3111
N12216,2893
N12218,3329
N12221,4267
N12225,3381
N12238,1258
N122AA,159
N122SY,4176
N122UA,3743
N122US,3200
N123AA,548
N123UW,3359
N124AA,841
N124SY,4234
N124US,3316
N12528,177
N12530,641
N12540,2150
N12552,2376
N12563,3073
N12564,2619
N12567,2695
N12569,2808
N125AA,704
N125DL,3263
N125SY,3811
N125UW,2225
N126AA,171
N126DL,835
N126UW,3220
N12754,3083
N127AA,557
N127DL,2115
N127SY,4363
N127UA,4606
N127UW,2866
N128AA,945
N128DL,2503
N128SY,3829
N128UA,5012
N128UW,1076
N12900,1922
N12921,2703
N12922,2859
N12924,2551
N12996,3581
N129DL,1559
N130DL,1594
N130SY,3995
N13110,4506
N13113,4195
N13118,2633
N13132,961
N13133,1690
N13138,2458
N13161,2111
N131EV,3711
N131SY,3510
N13202,2598
N13227,3609
N13248,1768
N132EV,3197
N132SY,4083
N133EV,3844
N133SY,4243
N134EV,4029
N134SY,3875
N13538,2760
N13550,3240
N13553,1615
N13566,2019
N135EV,2769
N135SY,3534
N136DL,1139
N136EV,2996
N136SY,3583
N13716,3185
N13718,3028
N13720,3156
N13750,2354
N137EV,3135
N138DL,2138
N138EV,2944
N138SY,3782
N13903,2106
N13908,3498
N13913,3725
N13914,3853
N13954,4209
N13975,2066
N13978,2727
N13979,3204
N13988,2519
N13989,2601
N13992,1644
N13994,2476
N13995,3668
N13997,3059
N139DL,2366
N139SY,3746
N1402A,647
N140LL,2623
N140SY,3621
N14102,4073
N14105,2756
N14106,3794
N14107,3739
N14115,4524
N14118,3672
N14120,4436
N14121,4768
N14143,1958
N14148,2382
N14158,2797
N14162,2683
N14168,2914
N14171,2030
N14173,1717
N14174,2557
N14177,1867
N14179,1679
N14180,3020
N14186,104
N14188,1465
N14198,1045
N141SY,4244
N14203,1765
N14204,760
N14214,3613
N14219,1735
N14228,3295
N14230,2903
N14231,918
N14235,3301
N14237,1932
N14240,3564
N14242,3623
N14249,3272
N14250,3635
N142SY,4236
N143DA,1220
N143SY,3646
N144DA,1732
N144SY,3055
N14542,2579
N14543,2678
N14558,4210
N14562,2573
N14568,3432
N14570,3021
N14573,3149
N145SY,3913
N146PQ,2634
N146SY,3430
N14704,2537
N14731,2749
N14735,1071
N147PQ,3216
N148SY,4613
N14902,2605
N14904,3556
N14905,3848
N14907,2471
N14916,2877
N14920,3106
N14923,3139
N14977,2733
N14991,2870
N14993,3864
N14998,2279
N149SY,3162
N1501P,3268
N150AA,2964
N150SY,4194
N150UW,2863
N151AA,434
N151SY,3901
N151UW,2036
N152AA,1850
N152DL,3614
N152SY,3036
N152UW,2584
N153AA,504
N153DL,3663
N153PQ,1514
N153SY,1484
N153UW,1696
N154AA,3189
N154DL,4621
N154SY,2558
N154UW,4126
N15527,149
N15555,2915
N15572,2609
N15574,2401
N155AA,173
N155DL,4269
N155UW,2692
N156AA,1478
N156DL,2799
N156SY,4162
N156UW,3127
N15710,2340
N15751,2861
N157AA,1354
N157SY,3536
N157UW,1716
N15910,4093
N15912,3382
N15980,3078
N15983,3144
N15985,2107
N15986,2979
N1602,4914
N1603,2789
N1604R,2223
N1605,3886
N16065,3482
N1607B,330
N1608,1510
N1609,2707
N160SY,3314
N1610D,847
N1611B,2712
N1612T,1623
N1613B,377
N16149,1806
N16170,2517
N16178,2730
N16183,1268
N161AA,2958
N161PQ,2821
N161SY,2669
N161UW,2943
N16217,3670
N16234,1864
N162AA,419
N162PQ,2670
N162SY,4327
N162UW,3350
N163AA,1795
N163SY,4432
N163US,3777
N164SY,4135
N16541,3219
N16546,2420
N16559,2858
N16561,2319
N16571,1761
N165AA,1773
N165SY,4928
N165US,3593
N166PQ,4247
N166SY,4936
N16701,3267
N16703,2685
N16709,2898
N16713,1978
N16732,3426
N167AA,1209
N167SY,4528
N167US,3159
N168SY,5020
N16911,3118
N16918,3096
N16919,2499
N16976,2662
N16981,2845
N16987,3398
N16999,2992
N169AA,1244
N169DZ,133
N169UW,3592
N170AA,1873
N170PQ,1286
N170SY,509
N170US,3245
N17104,4368
N17105,4262
N17108,2577
N17115,4122
N17122,3674
N17126,4208
N17128,4435
N17133,4589
N17138,3184
N17139,4168
N17146,2012
N17159,2596
N17169,2602
N17185,3060
N17196,2048
N171AA,2054
N171DN,4476
N171DZ,1816
N171SY,829
N171US,3104
N17229,3596
N17233,2152
N17244,1889
N17245,2989
N172AA,1483
N172DN,4185
N172DZ,1166
N172US,3080
N173AA,2773
N173DZ,4687
N173SY,1082
N173US,3255
N174AA,1051
N174DN,4800
N174DZ,545
N174SY,134
N174UA,1016
N174US,4051
N17560,3053
N175DN,2264
N175DZ,586
N175SY,138
N175UA,4930
N176AA,2529
N176DN,4424
N176DZ,1335
N176PQ,2940
N176SY,254
N176UW,3440
N17719,3093
N17730,748
N17752,2200
N17753,3000
N177AA,3485
N177DN,783
N177DZ,1984
N177SY,267
N177UA,4597
N177US,3949
N178AA,800
N178DN,4620
N178DZ,232
N178JB,3905
N178SY,296
N178UA,4626
N178US,3893
N17963,4295
N17984,3226
N179AA,1419
N179DN,4182
N179JB,4170
N179SY,367
N179UA,5017
N179UW,2982
N180AA,2502
N180DN,4422
N180UA,5025
N180US,4233
N18112,4038
N18119,4406
N181AA,1813
N181DN,516
N181PQ,2538
N181SY,2486
N181UA,4872
N181UW,4147
N18220,3097
N18223,1930
N18243,3012
N182AA,929
N182DN,4746
N182SY,1909
N182UA,5002
N182UW,3720
N183AA,1057
N183DN,4735
N183JB,3779
N183SY,4577
N183UW,3840
N184AA,969
N184DN,4802
N184JB,3439
N184SY,2263
N184US,3798
N18556,3109
N18557,3076
N185AA,1669
N185DN,4907
N185SY,4292
N185UW,3639
N186AA,688
N186DN,852
N186PQ,3555
N186SY,3005
N186US,2896
N187AA,1040
N187DN,1590
N187JB,3874
N187PQ,1288
N187US,3531
N188AA,2163
N188DN,3455
N188US,3641
N189AA,1039
N189DN,347
N189UW,4112
N190AA,628
N190DN,1062
N190JB,3190
N190UW,3081
N19117,4098
N19130,3801
N19136,4174
N19141,4388
N191AA,1538
N191DN,3114
N191UW,3675
N192AA,2932
N192DN,4061
N192JB,3058
N192UW,4014
N193AA,529
N193DN,1788
N193JB,3345
N193UW,2303
N194AA,271
N194DN,865
N194UW,1797
N19554,3694
N195AA,635
N195DN,1337
N195PQ,4198
N195UW,2817
N196AA,546
N196DN,1906
N196UW,2785
N197AA,1271
N197DN,1820
N197JB,3168
N197PQ,4495
N197UA,4522
N197UW,4081
N198AA,1266
N198DN,2713
N198JB,3399
N198UW,2161
N19951,4842
N199AA,2276
N199DN,3264
N199UA,192
N199UW,3136
N200AA,549
N200PQ,2571
N200UU,2889
N200WN,1805
N201AA,145
N201FR,4413
N201LV,2709
N201UU,4463
N202AA,1067
N202FR,4664
N202UW,3984
N202WN,2422
N203AA,2701
N203FR,4563
N203JB,2489
N203UW,2025
N203WN,2023
N204AA,659
N204UA,3437
N204UW,3164
N204WN,2626
N205AA,3497
N205FR,4644
N205UW,4560
N205WN,1700
N206AA,2393
N206FR,3904
N206JB,4065
N206UA,3997
N206UW,4161
N206WN,916
N207AA,4690
N207FR,4593
N207UW,2711
N207WN,2041
N208FR,4554
N208WN,1605
N20904,4127
N209FR,4591
N209UA,4862
N209WN,2266
N210FR,4467
N210UA,4302
N210WN,1658
N21108,3961
N21129,1191
N21144,278
N21154,1923
N21197,2954
N211FR,4558
N211UA,3364
N211WN,1553
N212UA,3819
N212WN,1702
N213FR,4118
N213UA,3628
N213WN,1275
N214FR,4654
N214UA,4567
N214WN,2172
N21537,3211
N215AG,372
N215UA,2770
N215WN,1992
N216AG,404
N216FR,4259
N216JB,4054
N216UA,3047
N216WR,2328
N21723,22
N217AG,327
N217JC,682
N217UA,4908
N218AG,240
N218FR,4592
N218UA,1965
N218WN,1450
N219AG,170
N219FR,4634
N219UA,4867
N219WN,1521
N220FR,4460
N220UA,4979
N220WN,1444
N221FR,4769
N221UA,4513
N221WN,1640
N222UA,4873
N222WN,1612
N223AG,559
N223FR,4340
N223UA,4569
N223WN,1894
N224AG,1056
N224AK,242
N224UA,3915
N224WN,1482
N225AG,572
N225UA,4877
N225WN,1536
N226UA,4857
N226WN,1498
N227AG,126
N227FR,4657
N227UA,4999
N227WN,1296
N228FR,4297
N228JB,3217
N228PQ,3964
N228UA,4965
N228WN,2705
N22909,3319
N229FR,4291
N229JB,3281
N229UA,4968
N229WN,1815
N230FR,4304
N230WN,2443
N23139,2868
N231JB,3586
N231WN,1429
N232FR,3857
N232PQ,2888
N232WN,1396
N233FR,4731
N233LV,2011
N234WN,1882
N235FR,4493
N235WN,1692
N236AK,217
N236FR,4874
N236JB,4025
N236WN,1348
N23707,2076
N23708,3730
N23721,3773
N237AK,373
N237WN,1883
N238AK,666
N238FR,1591
N238JB,3863
N238WN,1999
N239JB,3387
N239WN,1975
N240SY,3918
N240WN,2671
N24103,2743
N241SY,4579
N241WN,1648
N24202,3758
N24211,3587
N24212,2254
N24224,1575
N242SY,4461
N242WN,1278
N243SY,4675
N243WN,1953
N244SY,4719
N244WN,1848
N245WN,2212
N246LV,2083
N246SY,3010
N24702,2916
N24706,2173
N24715,3956
N24729,2531
N24736,3195
N247AK,1397
N247JB,3827
N247SY,4581
N247WN,1031
N248AK,491
N248WN,1093
N249JB,3048
N249WN,2005
N250SY,4743
N250WN,1524
N25134,2957
N251AK,77
N251SY,4766
N251WN,2425
N25201,3095
N252SY,4975
N252WN,1532
N253AK,661
N253SY,4205
N253WN,2040
N254SY,5029
N254WN,1859
N255WN,773
N256WN,2300
N25705,3407
N257WN,2072
N258JB,3310
N258WN,1153
N259WN,981
N260AK,1159
N260WN,2110
N26123,4443
N26141,2482
N261WN,1500
N26208,3854
N26210,3561
N26215,3378
N26226,3186
N26232,3336
N262WN,1517
N263AK,1059
N263WN,2620
N264AK,690
N264LV,1704
N26545,3161
N26549,3191
N265AK,379
N265JB,3517
N265WN,1747
N266AK,3027
N266JB,3496
N266WN,1798
N267JB,2806
N267WN,1920
N268WN,2275
N26902,4636
N26906,3166
N26909,4434
N26910,1569
N26952,4794
N26960,4942
N26966,4757
N26967,4944
N269WN,1556
N27015,5022
N270AA,4988
N270AY,4464
N270WN,1986
N27152,3401
N27190,2367
N271AA,5007
N271AY,3566
N271LV,2237
N27200,1976
N27205,2581
N27213,1853
N27239,1789
N27246,3939
N272AA,5030
N272AY,4929
N272WN,2460
N273AA,4983
N273AY,4692
N273JB,4042
N273WN,1964
N27421,3473
N27477,1058
N274AA,4982
N274AY,4885
N274JB,3833
N274WN,2445
N275AA,3540
N275AY,4811
N275WN,898
N276AA,4971
N276AY,4561
N276WN,1306
N27722,2024
N27724,1936
N27733,2348
N27734,3664
N277AA,4951
N277AY,4959
N277WN,1528
N278AA,4696
N278AY,3002
N278WN,1913
N27901,2606
N27903,1672
N27908,3274
N27957,3471
N27958,4765
N27959,3922
N27964,3326
N27965,3880
N279AA,4712
N279AY,2828
N279JB,4387
N279WN,786
N280AA,2074
N280AY,4494
N280WN,1066
N281AA,4937
N281AY,4906
N281JB,3511
N281VA,3236
N281WN,1090
N282AA,4901
N282AY,4714
N282VA,3458
N282WN,1407
N283AA,4701
N283AY,2966
N283JB,3328
N283VA,3318
N283WN,3087
N28457,1980
N28478,2096
N284AA,4711
N284AY,4876
N284JB,3034
N284VA,3662
N284WN,938
N28529,378
N285AA,4486
N285AY,4386
N285VA,3515
N285WN,923
N286AA,4894
N286AY,3478
N286VA,3601
N286WN,1426
N287AA,4742
N287AY,1187
N287WN,1685
N288AA,4990
N288AY,2251
N288WN,1486
N28912,4409
N289AA,4938
N289AY,4715
N289CT,1680
N290AA,4639
N290AY,4389
N290WN,1494
N29124,4284
N29129,4477
N291AA,359
N291AY,3836
N291WN,1715
N292AA,4617
N292AY,3338
N292JB,2416
N292WN,2473
N293AA,4774
N293AY,4783
N293WN,2311
N294JB,2659
N294WN,1785
N295WN,2459
N296JB,1951
N296WN,2717
N29717,2241
N297WN,1776
N298JB,3820
N298WN,1394
N29906,2524
N29907,4607
N29917,3418
N29961,3919
N299WN,1410
N301DN,874
N301DQ,653
N301FR,4672
N301NB,1577
N302AS,418
N302DN,1164
N302DQ,827
N302NB,914
N303AS,770
N303DN,1114
N303DQ,831
N303FR,4958
N30401,2833
N304DN,478
N304DQ,708
N304FR,4996
N304JB,4128
N305AS,781
N305DN,713
N305DQ,83
N306AS,738
N306DN,2737
N306DQ,857
N306JB,3796
N307AS,862
N307DQ,453
N307DX,88
N307JB,2674
N308DE,869
N308DN,163
N30913,152
N309AS,888
N309DE,181
N309DN,101
N309JB,3677
N309US,2729
N310DE,62
N310DN,37
N310NW,2126
N31131,3415
N311DN,258
N311US,1282
N312DN,273
N312US,1344
N313DN,130
N313US,1744
N31412,2100
N314DN,4818
N314NB,1449
N314US,2604
N315AS,652
N315DN,4278
N315NB,966
N315US,2159
N316JB,3479
N316NB,1269
N316US,1205
N317AS,153
N317JB,3771
N317NB,3390
N317US,501
N317WN,3692
N318AS,595
N318JB,2617
N318NB,1374
N318US,2710
N319AS,872
N319NB,3009
N319US,936
N320AS,795
N320NB,2905
N320US,2680
N321NB,1617
N321US,1912
N322NB,1369
N322US,1116
N323AS,598
N323JB,2935
N323NB,1879
N323US,1991
N32404,1413
N324JB,4211
N324NB,1997
N324US,2791
N325NB,968
N325US,1439
N326NB,1770
N326US,2349
N327NB,1077
N327NW,812
N328JB,2419
N328NB,1547
N328NW,1124
N329JB,3965
N329NB,2057
N329NW,3325
N330NB,2642
N330NW,2763
N33103,4339
N33132,4153
N33182,1911
N331NB,2522
N331NW,3067
N33203,3234
N33209,2334
N33262,2546
N33264,1874
N33266,2611
N33284,2766
N33286,3521
N33289,1477
N33292,3461
N33294,4
N332NB,1729
N332NW,1455
N333NB,735
N333NW,2090
N334JB,2945
N334NB,793
N334NW,1456
N335NB,2332
N335NW,1492
N336NB,1068
N336NW,997
N33714,3242
N337JB,4056
N337NB,1075
N337NW,2116
N338NB,1260
N338NW,1255
N339JB,3567
N339NB,1840
N339NW,1280
N340LV,3388
N340NB,2515
N340NW,1457
N34110,2542
N34131,4417
N34137,3902
N341NB,2675
N341NW,1360
N34222,2969
N34282,1890
N342AA,4680
N342NB,3016
N342NW,2592
N343AA,4833
N343NB,3530
N343NW,1170
N34455,2545
N34460,2240
N344AA,4801
N344NB,2390
N344NW,1015
N345AA,4792
N345NB,3532
N345NW,358
N345SA,2655
N346AA,4870
N346JB,4213
N346NB,2477
N347AA,4893
N347NB,2614
N347NW,787
N348AA,4905
N348JB,3249
N348NB,3203
N348NW,1357
N349AA,4834
N349NB,1613
N349NW,1211
N350AA,4889
N350NA,1832
N351AA,4764
N351JB,2968
N351NB,1165
N351NW,1777
N35204,2782
N35236,2045
N35260,4279
N35271,3416
N352AA,4924
N352NB,650
N352NW,761
N352SW,3650
N353AA,4875
N353JB,3778
N353NB,1968
N353NW,261
N353SW,1762
N35407,2228
N354AA,4776
N354JB,2823
N354NB,2720
N354NW,924
N354SW,3856
N355JB,3239
N355NB,1126
N355NW,839
N355SW,3404
N356AA,4762
N356NW,389
N356SW,3507
N357NB,2588
N357NW,1373
N357SW,3945
N358JB,3032
N358NB,999
N358NW,1946
N358SW,3951
N35953,141
N359NB,2283
N359NW,1382
N359SW,3029
N360HA,2444
N360NB,1395
N360NW,1446
N360SW,3126
N361AA,4858
N361NB,917
N361NW,1355
N361SW,3570
N361VA,4184
N36207,2575
N36247,1520
N36272,2467
N36280,3467
N362AA,4824
N362NB,2544
N362NW,1007
N362SW,4360
N362VA,3792
N363NB,2572
N363NW,2493
N363SW,4230
N363VA,2748
N36444,2976
N36447,4091
N36469,2188
N36472,1739
N36476,1706
N364NB,1614
N364NW,1726
N364SW,2594
N364VA,2265
N365AA,4945
N365NB,599
N365NW,2761
N365SW,2757
N365VA,2818
N366AA,4955
N366NB,683
N366NW,1237
N366SW,3994
N367AA,3277
N367NW,1217
N367SW,3938
N368AA,4772
N368JB,3816
N368NB,563
N368NW,804
N368SW,4080
N36915,1878
N36962,3699
N369AA,4660
N369NB,691
N369NW,2518
N369SW,3506
N37018,4771
N370HA,3069
N370NB,1231
N370NW,1837
N370SW,3713
N371CA,4290
N371DA,1002
N371NB,1128
N371NW,1319
N37252,2559
N37253,2836
N37255,2603
N37263,3728
N37267,4058
N37273,3533
N37274,2426
N37277,2058
N37281,3152
N37287,2347
N37290,2946
N372DA,932
N372NW,441
N372SW,2991
N3730B,751
N3731T,502
N3732J,1649
N3733Z,1123
N3734B,1223
N3735D,607
N3736C,1988
N3737C,520
N3738B,136
N3739P,1042
N373AA,4759
N373DA,413
N373HA,876
N373JB,2346
N373NW,931
N373SW,4221
N37408,3041
N37409,1995
N3740C,1534
N37413,3138
N37419,3389
N3741S,663
N37420,3169
N37422,2218
N37427,2778
N3742C,431
N37434,2826
N37437,2318
N3743H,702
N3744F,1952
N37456,2625
N3745B,662
N37462,3360
N37464,2429
N37465,3447
N37466,3452
N37468,2564
N3746H,1144
N37470,1974
N37471,1662
N37474,2525
N3747D,411
N3748Y,306
N3749D,1570
N374DA,207
N374HA,417
N374JB,3486
N374NW,2009
N374SW,3290
N3750D,722
N3751B,632
N3752,1671
N3753,1117
N3754A,1332
N3755D,1471
N3756,2046
N3757D,1003
N3758Y,1371
N3759,357
N375AA,3125
N375DA,2124
N375HA,1684
N375JB,3630
N375NC,643
N375SW,4335
N3760C,349
N3761R,575
N3762Y,514
N3763D,830
N3764D,343
N3765,750
N3766,1392
N3767,606
N3768,1402
N3769L,920
N376DA,605
N376NW,3077
N376SW,4382
N37700,1884
N3771K,716
N3772H,769
N3773D,247
N377AA,4829
N377DA,564
N377NW,1573
N378AA,4972
N378DA,1078
N378HA,336
N378NW,882
N378SW,3671
N379AA,4963
N379DA,1100
N379HA,503
N379SW,3209
N380AA,4799
N380DA,2007
N380HA,1814
N380SW,3405
N381AA,4705
N381DN,758
N381HA,1720
N38257,3057
N38268,3673
N382AA,4793
N382DA,1181
N382HA,2003
N382SW,2837
N383AA,4819
N383DN,686
N383HA,2883
N383SW,3869
N38403,1050
N38417,2394
N38424,3024
N38443,2480
N38446,1955
N38451,2282
N38454,1817
N38458,3233
N38459,2143
N38467,1143
N38473,1233
N384AA,4853
N384DA,2364
N384HA,1214
N384SW,3611
N385AA,4662
N385DN,1628
N385HA,788
N385SW,3504
N386DA,1473
N386HA,492
N386SW,2442
N38727,3636
N387AA,4575
N387DA,416
N387SW,4067
N388AA,4880
N388DA,2772
N388HA,1466
N388SW,3817
N38950,3107
N38955,4917
N389AA,4755
N389DA,778
N389HA,801
N389SW,3433
N390AA,4843
N390DA,297
N390HA,1548
N390SW,3535
N391AA,4957
N391CA,4301
N391DA,630
N391HA,511
N391SW,3283
N392AA,4683
N392DA,1586
N392HA,1759
N392SW,3866
N393AA,4866
N393DA,1745
N393HA,1085
N39415,3205
N39416,2867
N39418,1908
N39423,3760
N39450,2377
N39461,2936
N39463,2841
N39475,2646
N394AA,4753
N394DA,1353
N394DL,4060
N394SW,3830
N395AA,4900
N395DN,2796
N395HA,733
N395SW,3288
N396AA,4836
N396DA,1041
N396HA,577
N396SW,3911
N39728,2485
N397AA,4922
N397DA,2306
N397SW,3969
N398AA,4518
N398CA,4274
N398DA,1095
N398SW,4008
N399AA,4903
N399DA,580
N399HA,474
N399WN,2640
N3AAAA,2741
N3ABAA,3923
N3ACAA,3996
N3ADAA,3793
N3AEAA,3926
N3AFAA,3347
N3AGAA,3852
N3AHAA,3748
N3AJAA,3008
N3AKAA,3188
N3ALAA,3358
N3AMAA,3150
N3ANAA,3960
N3APAA,2726
N3ARAA,2790
N3ASAA,3645
N3ATAA,3163
N3AUAA,3590
N3AVAA,3634
N3AWAA,3976
N3AXAA,4562
N3AYAA,4316
N3BAAA,3890
N3BBAA,4150
N3BCAA,3120
N3BDAA,3550
N3BEAA,3248
N3BFAA,3707
N3BGAA,3260
N3BHAA,2704
N3BJAA,3823
N3BKAA,3979
N3BLAA,3860
N3BMAA,4123
N3BNAA,2693
N3BPAA,3291
N3BRAA,3942
N3BSAA,3653
N3BTAA,3155
N3BUAA,2972
N3BVAA,3957
N3BWAA,3425
N3BXAA,3208
N3BYAA,3493
N3CAAA,3983
N3CBAA,3229
N3CCAA,3565
N3CDAA,4164
N3CEAA,3595
N3CFAA,2816
N3CGAA,3025
N3CHAA,3375
N3CJAA,2371
N3CKAA,3971
N3CLAA,4006
N3CMAA,4201
N3CNAA,3476
N3CPAA,3789
N3CRAA,3741
N3CSAA,2721
N3CTAA,3934
N3CUAA,3457
N3CVAA,4526
N3CWAA,3557
N3CXAA,3688
N3CYAA,3454
N3DAAA,2783
N3DBAA,2849
N3DCAA,4037
N3DDAA,3227
N3DEAA,3256
N3DFAA,3201
N3DGAA,3651
N3DHAA,4229
N3DJAA,2901
N3DLAA,3417
N3DMAA,3178
N3DNAA,1916
N3DPAA,4045
N3DRAA,3421
N3DSAA,2308
N3DTAA,2753
N3DUAA,4052
N3DVAA,3306
N3DWAA,2565
N3DXAA,2984
N3DYAA,2795
N3EAAA,4134
N3EBAA,3066
N3ECAA,2610
N3EDAA,3225
N3EEAA,2651
N3EFAA,3612
N3EGAA,3578
N3EHAA,2839
N3EJAA,2013
N3EKAA,3244
N3ELAA,2296
N3EMAA,2886
N3ENAA,3124
N3EPAA,2924
N3ERAA,3228
N3ESAA,2838
N3ETAA,2682
N3EUAA,3343
N3EVAA,3571
N3EWAA,2824
N3EXAA,3068
N3EYAA,2983
N3FAAA,3726
N3FBAA,3787
N3FCAA,3436
N3FDAA,1581
N3FEAA,4086
N3FFAA,2768
N3FGAA,3640
N3FHAA,1891
N3FJAA,3576
N3FKAA,3146
N3FLAA,2052
N3FMAA,2830
N3FNAA,2948
N3FPAA,2792
N3FRAA,3366
N3FSAA,2630
N3FTAA,4308
N3FUAA,3331
N3FVAA,3832
N3FWAA,4094
N3FXAA,2840
N3FYAA,2245
N3GAAA,2815
N3GBAA,3896
N3GCAA,3062
N3GDAA,2628
N3GEAA,3626
N3GFAA,2970
N3GGAA,3549
N3GHAA,3409
N3GJAA,3797
N3GKAA,3569
N3GLAA,4166
N3GMAA,3800
N3GNAA,3600
N3GPAA,3687
N3GRAA,2793
N3GSAA,3588
N3GTAA,2580
N3GUAA,3810
N3GVAA,2388
N3GWAA,3160
N3GXAA,1676
N3GYAA,2136
N3HAAA,2997
N3HBAA,3187
N3HCAA,2550
N3HDAA,3334
N3HEAA,3435
N3HFAA,3985
N3HGAA,3767
N3HHAA,3548
N3HJAA,3491
N3HKAA,1937
N3HLAA,2166
N3HMAA,2869
N3HNAA,3142
N3HPAA,2722
N3HRAA,3305
N3HSAA,3952
N3HTAA,2973
N3HUAA,3900
N3HVAA,3108
N3HWAA,3559
N3HXAA,2026
N3HYAA,3648
N3JAAA,3214
N3JBAA,3729
N3JCAA,2108
N3JDAA,2962
N3JEAA,2667
N3JFAA,2978
N3JGAA,2951
N3JHAA,3266
N3JJAA,2638
N3JKAA,2560
N3JLAA,2812
N3JMAA,3661
N3JNAA,2597
N3JPAA,3287
N3JRAA,1738
N3JSAA,3657
N3JTAA,2406
N3JUAA,1245
N3JVAA,2032
N3JWAA,2641
N3JXAA,3051
N3JYAA,2242
N3KAAA,3638
N3KBAA,3039
N3KCAA,3231
N3KDAA,1799
N3KEAA,2759
N3KFAA,1942
N3KGAA,3774
N3KHAA,3385
N3KJAA,3259
N3KKAA,2549
N3KLAA,2933
N3KMAA,3843
N3KNAA,3391
N3KPAA,2923
N3KRAA,2530
N3KSAA,3487
N3KTAA,3292
N3KUAA,3099
N3KVAA,2521
N3KWAA,3232
N3KXAA,3582
N3KYAA,4216
N3LAAA,3745
N3LBAA,2851
N3LCAA,2891
N3LDAA,3348
N3LEAA,3143
N3LFAA,2586
N3LGAA,2967
N3LHAA,2755
N3LJAA,3738
N3LKAA,2953
N3LLAA,3304
N3LMAA,2871
N3LNAA,3466
N3LPAA,3045
N3LRAA,3554
N3LSAA,2920
N3LTAA,3710
N3LUAA,2127
N3LVAA,3199
N3LWAA,3355
N3LXAA,2632
N3LYAA,2496
N3MAAA,2852
N3MBAA,3790
N3MCAA,3171
N3MDAA,3030
N3MEAA,3413
N3MFAA,3308
N3MGAA,2250
N3MHAA,3402
N3MJAA,2864
N3MKAA,3443
N3MLAA,2034
N3MMAA,2856
N3MNAA,3395
N3MPAA,2578
N3MRAA,3046
N3MUAA,3892
N3MVAA,3503
N3MWAA,2965
N3MXAA,1804
N3MYAA,2918
N3NAAA,2224
N3NBAA,3723
N3NCAA,3914
N3NDAA,2751
N3NEAA,2191
N3NFAA,3354
N3NGAA,3722
N3NHAA,1541
N3NJAA,3649
N3NKAA,4149
N3NLAA,3215
N3NMAA,2447
N3NNAA,4167
N3NPAA,3591
N3NRAA,2853
N3NSAA,2802
N3NTAA,1081
N3NUAA,597
N3NVAA,983
N3NWAA,3075
N3NXAA,1227
N3NYAA,3552
N400WN,1688
N401UA,3469
N401WN,1711
N402AS,1009
N402UA,2635
N402WN,1036
N403AA,4188
N403AS,142
N403UA,3490
N403WN,951
N404UA,4059
N404WN,2183
N405UA,3897
N405WN,1977
N406UA,3999
N406WN,1791
N407AS,146
N407UA,2001
N407WN,2644
N408AS,251
N408UA,3520
N408WN,1790
N409AS,301
N409UA,3286
N409WN,1630
N410UA,3088
N410WN,2465
N41135,4287
N41140,4000
N411UA,3803
N411WN,1855
N412UA,4140
N412WN,1347
N413AS,550
N413UA,3079
N413WN,1833
N414UA,2587
N414WN,2320
N415UA,3251
N415WN,2031
N416SW,4032
N416UA,3579
N416WN,2063
N417SW,4583
N417UA,3400
N417WN,1783
N418SW,3312
N418UA,3518
N418WN,1118
N419AS,673
N419UA,3363
N419WN,1967
N420UA,2193
N420WN,2719
N421LV,1087
N421UA,4048
N422UA,3257
N422WN,1646
N423AS,287
N423SW,2660
N423UA,2543
N423WN,1362
N424AA,3289
N424UA,2081
N424WN,1565
N425AA,3459
N425LV,1545
N425UA,2907
N426AA,3477
N426SW,655
N426UA,3112
N426WN,1324
N427SW,1645
N427UA,4090
N427WN,985
N428AS,1232
N428UA,3691
N428WN,1350
N429SW,2961
N429UA,2155
N429WN,883
N430SW,1158
N430UA,3895
N430WN,1626
N431AS,600
N431SW,2589
N431UA,2643
N431WN,2249
N432SW,2149
N432UA,3809
N432WN,1901
N433AS,405
N433LV,2206
N433SW,2862
N433UA,3516
N434AA,3597
N434AS,220
N434UA,3322
N434WN,2235
N435AS,371
N435SW,212
N435UA,4285
N435WN,1638
N436AA,4706
N436UA,2708
N436WN,1137
N437AA,3935
N437SW,1197
N437UA,3709
N437WN,2201
N438AA,3807
N438SW,3054
N438UA,3230
N438WN,1475
N439AA,4104
N439SW,2767
N439UA,2487
N439WN,1129
N440AS,319
N440LV,1736
N440SW,1274
N440UA,3271
N441SW,820
N441UA,3420
N441WN,2413
N442AS,331
N442SW,1307
N442UA,3065
N442WN,1321
N443SW,592
N443UA,3472
N443WN,1760
N444UA,3637
N444WN,1424
N445SW,1259
N445UA,2450
N445WN,1339
N446SW,1088
N446UA,2834
N446WN,2694
N447SW,1734
N447UA,2417
N447WN,2343
N448AS,208
N448SW,1780
N448UA,2854
N448WN,2189
N449SW,2501
N449UA,3652
N449WN,1284
N450WN,1403
N451UA,3545
N451WN,2383
N452SW,805
N452UA,2747
N452WN,1063
N453AS,424
N453SW,1836
N453UA,3397
N453WN,2352
N45440,1301
N454SW,1535
N454UA,3696
N454WN,2269
N455CA,1452
N455SW,2147
N455UA,2219
N455WN,2160
N456UA,2338
N456WN,1299
N457AS,517
N457SW,809
N457UA,2774
N457WN,1552
N458UA,1677
N458WN,2904
N45905,2336
N45956,3702
N459AS,468
N459SW,2258
N459UA,4169
N459WN,1566
N460SW,1610
N460UA,2017
N460WN,2109
N461AS,458
N461SW,2272
N461UA,3386
N461WN,2436
N462AS,994
N462UA,3341
N462WN,1108
N463SW,766
N463UA,3004
N463WN,2227
N464AS,269
N464SW,2810
N464UA,2000
N464WN,1907
N465SW,3501
N465UA,3617
N465WN,1516
N466AA,728
N466SW,2506
N466UA,3446
N466WN,810
N467AA,2175
N467AS,423
N467UA,2169
N467WN,1709
N468AA,1086
N468AS,719
N468CA,902
N468UA,4255
N468WN,1060
N469AA,853
N469AS,351
N469UA,2582
N469WN,1061
N470AA,2190
N470UA,3261
N470WN,1467
N471AA,1530
N471AS,755
N471CA,2453
N471UA,3431
N472AA,4309
N472AS,442
N472CA,3724
N472UA,3553
N472WN,991
N473AA,4047
N473UA,2652
N473WN,2182
N47414,3414
N474AA,1336
N474AS,445
N474UA,3489
N474WN,1438
N475AA,1189
N475HA,26
N475UA,2513
N475WN,1503
N476HA,21
N476UA,3300
N476WN,1522
N477AA,3715
N477AS,214
N477CA,3392
N477HA,14
N477UA,2895
N477WN,1619
N478AS,450
N478HA,33
N478UA,3344
N478WN,1956
N479AA,4448
N479AS,425
N479CA,2029
N479HA,30
N479UA,3265
N479WN,1380
N480AA,3786
N480HA,20
N480UA,2930
N480WN,1152
N48127,4131
N481AA,4343
N481AS,447
N481HA,34
N481UA,3362
N481WN,2053
N482AA,4527
N482UA,2629
N482WN,1831
N483AA,3930
N483AS,619
N483HA,45
N483UA,2850
N483WN,274
N484AA,3007
N484HA,25
N484UA,3031
N484WN,1718
N485AA,3783
N485HA,23
N485UA,3742
N485WN,541
N486AA,4035
N486AS,460
N486HA,18
N486UA,3735
N486WN,814
N487AA,3873
N487AS,578
N487CA,2786
N487HA,15
N487UA,3311
N487WN,933
N488AA,3932
N488HA,47
N488UA,2813
N488WN,2615
N48901,2679
N489AA,2616
N489HA,28
N489UA,4242
N489WN,1811
N490HA,36
N490UA,3241
N490WN,1388
N491AS,311
N491HA,16
N491UA,3690
N491WN,2483
N492AS,167
N492HA,13
N492SW,993
N492UA,2368
N492WN,2231
N493AA,4559
N493AS,293
N493HA,27
N493UA,2287
N493WN,2535
N494AA,3982
N494AS,510
N494CA,3606
N494UA,3167
N494WN,1391
N495AS,187
N495CA,3170
N495UA,873
N495WN,1491
N496AA,4490
N496CA,400
N496UA,3396
N496WN,2289
N497UA,3128
N497WN,2676
N498CA,3627
N498SW,4398
N498UA,3972
N498WN,1358
N499AA,3940
N499WN,2134
N4UBAA,3346
N4UCAA,4041
N4WJAA,4354
N4WKAA,4604
N4WLAA,3941
N4WMAA,3377
N4WNAA,4106
N4WTAA,3604
N4XBAA,4203
N4XCAA,4322
N4XDAA,4505
N4XEAA,3737
N4XFAA,3448
N4XGAA,4190
N4XHAA,3916
N4XJAA,3987
N4XKAA,3693
N4XLAA,3831
N4XMAA,4298
N4XPAA,3751
N4XRAA,3705
N4XSAA,4085
N4XTAA,3884
N4XUAA,3903
N4XVAA,4089
N4XWAA,3102
N4XXAA,4018
N4XYAA,4062
N4YAAA,4348
N4YBAA,2875
N4YCAA,3855
N4YDAA,4136
N4YEAA,4245
N4YFAA,3270
N4YLAA,4280
N4YNAA,4015
N4YPAA,3719
N4YRAA,3495
N4YSAA,3885
N4YTAA,3574
N4YUAA,3394
N500WR,399
N501AA,3898
N502AA,3791
N502NK,4484
N502UA,4693
N503JB,4405
N503NK,4726
N504AA,3936
N504JB,4710
N504NK,4611
N505JB,4609
N505NK,4438
N505UA,4720
N506AS,227
N506CA,1506
N506JB,4702
N506NK,4552
N507AA,1314
N507AY,2627
N507CA,3685
N507JB,3877
N507NK,4329
N508AA,1829
N508AS,243
N508AY,3123
N508JB,4475
N508NK,4544
N509AA,1017
N509AY,3192
N509JB,4350
N509NK,4033
N510AA,1499
N510JB,4796
N510NK,4509
N510UA,4781
N510UW,3598
N512AS,304
N512NK,4521
N512UA,4758
N513AA,4223
N513AS,393
N514AA,3920
N514AS,656
N514NK,3523
N514SW,40
N515NK,4666
N515SW,92
N516AS,260
N516JB,4678
N516NK,4017
N517AS,356
N517JB,4515
N517NK,4512
N518AS,233
N518UA,4691
N519AA,2879
N519AS,471
N519JB,4864
N519NK,4539
N519UW,2243
N520AA,4550
N520AS,292
N520JB,4616
N520SW,1228
N521AA,995
N521JB,4565
N521NK,4514
N521SW,246
N521UW,2407
N521VA,2430
N522NK,4673
N522SW,1914
N522VA,4002
N523AA,481
N523AS,1294
N523JB,4689
N523NK,4293
N523SW,1588
N523UW,2056
N523VA,3332
N524AA,1272
N524AS,420
N524JB,4556
N524NK,4336
N524SW,1297
N524UW,1367
N524VA,3019
N525AS,394
N525NK,4328
N525SW,2214
N525VA,2880
N526AS,568
N526JB,4472
N526NK,4454
N526SW,2246
N526VA,3821
N527AS,286
N527JB,4625
N527NK,4425
N527SW,2142
N527VA,4403
N528AA,3917
N528AS,322
N528NK,4543
N528VA,3303
N529AS,102
N529JB,4566
N529NK,4651
N529VA,3526
N530AS,648
N530NK,4163
N530VA,2247
N531AS,407
N531JB,4442
N531NK,4588
N532AS,314
N532NK,4400
N533AS,282
N533NK,4474
N53441,1574
N53442,3082
N534AA,105
N534AS,199
N534JB,4079
N534NK,4260
N534UW,1993
N535AA,2570
N535AS,91
N535JB,4395
N535US,1134
N535UW,1982
N536AA,638
N536AS,519
N536JB,4487
N536US,1212
N536UW,3194
N537AA,1352
N537AS,64
N537JB,4564
N537US,2528
N537UW,2292
N538AA,489
N538AS,390
N538CA,2561
N538US,2874
N538UW,3049
N539AA,1411
N539US,962
N539UW,3122
N540AA,329
N540US,2798
N540UW,2811
N541AA,4142
N541US,252
N54241,3129
N542AA,211
N542US,1779
N542UW,1834
N543AA,2299
N543UA,1749
N543US,1192
N543UW,2281
N544AA,790
N544UA,538
N544US,3464
N544UW,2688
N545AA,668
N545US,1801
N545UW,3665
N546AA,2197
N546AS,494
N546UA,4465
N546US,3115
N546UW,3269
N54711,1595
N547AA,3846
N547JB,4571
N547US,2433
N548AA,3756
N548AS,955
N548CA,2872
N548UA,4055
N548US,2392
N549AA,1327
N549AS,284
N549CA,3015
N549US,2129
N549UW,3275
N550AA,4206
N550NW,943
N550UA,714
N550WN,973
N551AA,2446
N551AS,567
N551NW,1032
N551UW,2317
N551WN,1979
N552AA,1073
N552AS,231
N552JB,4228
N552NW,1013
N552UW,2857
N552WN,1229
N553AA,2435
N553AS,646
N553NW,860
N553UW,2415
N553WN,2210
N554AA,884
N554CA,3172
N554JB,4730
N554NW,669
N554UW,1414
N554WN,1620
N555AA,4050
N555LV,2021
N555NW,617
N556AA,360
N556AS,168
N556JB,4440
N556NW,634
N556UW,3223
N556WN,2060
N557AA,2079
N557AS,248
N557NW,439
N557UW,2339
N557WN,1543
N558AA,215
N558AS,1216
N558JB,4716
N558UW,1647
N558WN,2035
N559AA,320
N559AS,526
N559JB,4502
N559UW,1607
N559WN,1421
N560AA,518
N560AS,566
N560UW,2327
N560WN,1641
N561AA,1389
N561JB,4580
N561UW,3371
N561WN,1657
N562AA,440
N562AS,498
N562JB,4568
N562UW,3357
N562WN,1513
N563AA,1184
N563AS,479
N563JB,4471
N563UW,2102
N563WN,1846
N564AA,4378
N564AS,165
N564JB,4275
N564WN,2404
N565AA,4232
N565AS,154
N565JB,4173
N565WN,1254
N566AA,4011
N566AS,108
N566JB,4663
N566WN,1442
N567AA,815
N567UW,3643
N567WN,1915
N56859,4760
N568AA,533
N568AS,276
N568JB,3654
N568UA,4817
N568UW,3958
N568WN,1571
N569AA,4633
N569AS,576
N569JB,4570
N569WN,1425
N57016,4598
N570AA,4107
N570AS,579
N570JB,4373
N570WN,1481
N57111,3937
N571AA,4367
N571JB,4299
N572AA,315
N572UW,3072
N573AA,222
N573UW,2095
N57439,1989
N575AA,1568
N575UW,2699
N576AA,1668
N576UW,3509
N577AS,483
N57852,4871
N57855,4525
N57857,4856
N57862,4814
N57863,4749
N57864,4679
N57868,4788
N57869,4713
N57870,4429
N578AA,867
N578UW,1670
N579AA,621
N579AS,952
N579JB,4503
N579UW,2681
N580AA,844
N580HA,2418
N580JB,4158
N580UW,1208
N58101,4497
N581AA,1179
N581AS,866
N581HA,2527
N581NW,856
N581UW,2333
N582AA,2239
N582CA,2043
N582HA,2800
N582NW,658
N582UW,2356
N583AA,525
N583AS,775
N583HA,3589
N583JB,4540
N583NW,676
N583UW,3573
N584AA,482
N584AS,701
N584JB,4643
N584NW,1376
N584UW,1250
N585AA,106
N585AS,654
N585JB,4761
N585NW,1441
N585UW,2233
N586AA,1162
N586AS,285
N586JB,4238
N586NW,1204
N586UW,1970
N587AA,1014
N587AS,302
N587JB,4665
N587NK,4311
N587NW,1417
N587UA,4605
N587UW,2878
N588AS,624
N588HA,645
N588JB,4317
N588NK,4810
N588NW,930
N588UA,4734
N589AS,671
N589JB,4488
N589NW,1263
N589UA,4707
N59053,4180
N590AA,3502
N590AS,395
N590HA,2613
N590JB,4659
N590NW,878
N590UA,4741
N591JB,4479
N591NW,1865
N592AS,475
N592HA,2631
N592JB,3865
N592NW,245
N593AS,333
N593JB,4629
N593ML,2123
N593NW,1961
N594AS,967
N594HA,2113
N594JB,4631
N594NW,569
N594SW,2174
N595JB,4670
N595NW,859
N595UA,4797
N596AS,746
N596NW,588
N596UA,4608
N597AS,644
N597JB,4323
N597UA,4699
N598JB,4402
N598UA,4778
N599JB,4736
N5CKAA,2437
N5DEAA,4614
N5DFAA,4492
N5DGAA,4740
N5DHAA,5019
N5DJAA,4825
N5DKAA,4773
N5DVAA,4596
N5EAAA,4750
N5ECAA,4022
N5EHAA,4785
N5EJAA,4099
N5EKAA,4855
N5ELAA,4828
N5ENAA,4637
N5EPAA,4920
N5ERAA,4777
N5ESAA,4869
N5ETAA,4791
N5EUAA,4832
N5EVAA,4728
N5EWAA,4827
N5EXAA,4650
N5EYAA,4536
N5FAAA,4718
N5FBAA,4531
N5FCAA,4538
N5FDAA,4667
N5FEAA,4921
N5FFAA,4798
N5FGAA,4410
N5FHAA,4861
N5FJAA,4784
N5FKAA,4780
N5FLAA,4653
N5FMAA,3981
N5FNAA,4717
N5FPAA,4628
N5FRAA,4548
N5FSAA,4231
N5FTAA,4619
N600QX,3947
N600WN,3092
N601AA,2715
N601AW,1810
N601NK,4212
N601WN,3759
N601XJ,892
N602AW,41
N602NK,4207
N602SW,3324
N602XJ,680
N603AT,980
N603JB,4445
N603NK,4466
N603QX,875
N603SK,488
N603SW,3769
N604AA,1363
N604AW,2215
N604NK,4739
N604QX,3731
N604SK,263
N604SW,3721
N605JB,4534
N605NK,4530
N605QX,4585
N605SW,4456
N606JB,4430
N606LR,3870
N606NK,4250
N606SK,756
N606SW,4504
N607AS,135
N607AT,2860
N607JB,4462
N607LR,3085
N607NK,4028
N607SK,1132
N607SW,4187
N608AT,1579
N608JB,4694
N608NK,4226
N608QX,4437
N608SK,672
N608SW,3038
N609AS,283
N609NK,4068
N609SK,3970
N609SW,3224
N610WN,2600
N611AS,195
N611NK,4441
N611QX,4294
N611SK,1169
N611SW,3736
N612AS,75
N612DL,42
N612JB,4763
N612NK,4428
N612QX,2304
N612SW,4030
N613AS,449
N613JB,4695
N613NK,4427
N613QX,375
N613SK,542
N613SW,3408
N614AS,266
N614NK,4541
N614QX,4542
N614SK,2139
N614SW,4074
N615AS,161
N615JB,4222
N615NK,4523
N615QX,4661
N615SW,3483
N616NK,4155
N616QX,1083
N616SW,3925
N617DL,3011
N617NK,4265
N617QX,1622
N617SW,4178
N61881,754
N61882,963
N61886,454
N61887,456
N61898,374
N618AS,366
N618DL,2988
N618JB,4196
N618NK,4266
N618WN,3980
N619AS,157
N619NK,4356
N619SW,3954
N620NK,4303
N620SW,3293
N621JB,4586
N621NK,3714
N621SW,3599
N621VA,3910
N622AS,117
N622NK,3788
N622SW,3551
N622VA,4183
N623DL,230
N623JB,4594
N623NK,3642
N623SW,3544
N623VA,4282
N624AE,4157
N624AG,2156
N624JB,4225
N624NK,4071
N624SW,3353
N624VA,3989
N625AS,362
N625CA,971
N625JB,4582
N625NK,2725
N625SW,3210
N625VA,4496
N626AE,4337
N626AS,523
N626NK,4197
N626SW,3647
N626VA,4049
N627AS,765
N627DL,169
N627JB,4307
N627NK,4313
N627SW,3608
N627VA,4024
N62849,904
N62883,893
N62884,415
N62889,1103
N62892,1096
N62894,1305
N62895,131
N62896,2696
N628NK,4069
N628SW,2273
N628VA,4219
N629AE,4077
N629BR,2370
N629JB,4364
N629NK,3445
N629SW,3221
N629VA,4137
N630JB,4482
N630NK,3712
N630SK,772
N630VA,3616
N630WN,3988
N631NK,3845
N631SK,1035
N631SW,3619
N631VA,4027
N632JB,4034
N632NK,3575
N632SK,312
N632SW,2462
N632VA,3577
N633AE,3859
N633DL,339
N633JB,4390
N633NK,3528
N633SK,618
N633SW,4347
N633VA,4116
N634JB,4415
N634NK,3462
N634SW,3450
N634VA,4113
N635DL,335
N635JB,4192
N635NK,2384
N635SW,3882
N635VA,3624
N636JB,4145
N636NK,4249
N636VA,3669
N636WN,3927
N637JB,4473
N637NK,2963
N637SW,4072
N637VA,4148
N63820,1675
N63890,642
N638JB,4623
N638NK,3584
N638SW,4075
N638VA,4254
N639JB,4455
N639NK,3042
N639SW,4416
N639VA,4281
N640AW,3017
N640JB,4703
N640NK,3907
N640SW,2520
N640VA,4241
N641CA,1572
N641JB,4804
N641NK,3862
N641SW,2752
N641UA,4831
N641VA,4315
N642NK,4478
N642UA,4992
N642VA,4289
N642WN,2658
N643JB,4642
N643NK,3488
N643SW,2295
N643UA,4723
N644AS,139
N644JB,4686
N644NK,2714
N644SW,2157
N644UA,4911
N645JB,4652
N645NK,2217
N645SW,3757
N646JB,4517
N646NK,2832
N646SW,3470
N646UA,5021
N647AA,527
N647AW,1157
N647SW,3451
N647UA,4978
N64809,1253
N64844,947
N648JB,4603
N648SW,3568
N648UA,5018
N649AA,256
N649AW,594
N649JB,2993
N649UA,4980
N650AA,451
N650AW,2484
N650SW,3372
N651AA,2298
N651AW,2985
N651JB,4171
N651SW,3944
N651UA,4974
N652AA,435
N652AW,1661
N652BR,3182
N652JB,4009
N652SW,2892
N652UA,4630
N653AA,57
N653AW,2507
N653JB,4590
N653SW,3427
N653UA,4039
N654AA,194
N654AW,2451
N654SW,3562
N654UA,4997
N655AA,764
N655AW,1183
N655JB,4331
N655UA,4948
N655WN,3071
N656AA,158
N656AW,1325
N656JB,4738
N656SW,3762
N656UA,4879
N657AA,712
N657AW,1488
N657JB,4638
N657NK,4394
N657SW,3173
N657UA,4970
N65832,2230
N658AA,970
N658AW,1708
N658JB,4533
N658NK,4240
N658SW,4001
N658UA,4697
N659AA,355
N659AW,558
N659BR,1719
N659DL,61
N659JB,4546
N659NK,4411
N659SW,4451
N659UA,4956
N66051,3040
N66056,1308
N66057,4816
N660AA,1186
N660AW,926
N660DL,507
N660NK,3912
N660SW,3132
N660UA,5015
N661AA,2284
N661AW,1476
N661DN,3369
N661JB,3963
N661NK,3998
N661UA,4407
N662AA,1921
N662AW,1819
N662DN,813
N662JB,4677
N662NK,3527
N662UA,4682
N662US,4994
N663AA,364
N663AW,3147
N663DN,574
N663JB,4510
N663NK,3423
N663SW,3806
N663UA,3962
N664AA,2244
N664AW,843
N664DN,1098
N664NK,2301
N664UA,4722
N665AA,1778
N665AW,2038
N665DN,811
N665JB,4374
N665NK,2061
N665UA,3948
N665US,2344
N665WN,4414
N666DN,29
N666UA,4754
N667AA,348
N667AW,2497
N667DN,234
N667GB,3802
N667NK,3001
N667UA,4888
N667US,3278
N66803,906
N66808,2666
N66814,821
N66825,1404
N66828,822
N66831,685
N66837,2050
N66841,1714
N66848,2022
N66893,384
N66897,1021
N668AA,768
N668AW,1052
N668DN,695
N668NK,2621
N668UA,4641
N668US,2
N669AA,476
N669AW,2099
N669DN,209
N669NK,238
N669SW,2464
N669UA,4727
N6700,903
N6701,1202
N6702,430
N6703D,582
N6704Z,350
N67052,4537
N67058,802
N6705Y,560
N6706Q,870
N6707A,1018
N6708D,196
N6709,402
N670DN,81
N670NK,3460
N670UA,4264
N670US,1
N6710E,412
N6711M,1120
N6712B,1154
N67134,4808
N6713Y,1903
N6714Q,743
N6715C,803
N6716C,279
N67171,697
N671AE,4020
N671DN,1102
N671NK,1847
N671UA,4444
N672AA,1420
N672AE,4357
N672AW,1560
N672DL,150
N672UA,4854
N673AA,464
N673AE,3955
N673AW,1097
N673DL,58
N673UA,2178
N674DL,679
N674UA,4841
N674US,19
N675AA,1234
N675AE,3505
N675AW,363
N675BR,2335
N675DL,85
N675UA,3246
N676AE,3764
N676AW,38
N676CA,3294
N676DL,298
N676UA,3374
N677AE,2449
N677AW,35
N677UA,4859
N67812,1512
N67815,2097
N67827,1038
N67845,1825
N67846,2330
N678AA,709
N678AE,4046
N678AW,1000
N678CA,2504
N678DL,198
N679AA,1273
N679AW,1737
N679CA,2552
N679DA,253
N679SA,2089
N68061,4584
N680AA,480
N680AE,3676
N680AW,593
N680DA,780
N681DA,172
N682DA,204
N683DA,325
N68452,1487
N68453,2608
N684DA,3410
N684JW,3881
N684WN,978
N685AE,3815
N685BR,1418
N685DA,798
N685SW,4088
N686BR,3795
N686DA,791
N687DL,1044
N687JS,4160
N687SW,1295
N68801,1898
N68802,1539
N68805,1012
N68807,1236
N68811,633
N68817,1529
N68821,1583
N68822,1472
N68823,693
N68834,925
N68836,361
N68842,1408
N68843,776
N68880,571
N68891,1794
N688DL,640
N689CA,2686
N689DL,346
N69020,4989
N69059,4838
N69063,4053
N690DL,1188
N691CA,3837
N692CA,2154
N692DL,401
N693BR,3134
N693CA,1928
N693DL,989
N694DL,380
N694SW,2270
N695CA,2909
N695DL,1196
N696DL,1313
N697DL,382
N697SW,3812
N69804,2955
N69806,2018
N69810,1393
N69813,1048
N69816,321
N69818,957
N69819,601
N69824,696
N69826,996
N69829,789
N69830,316
N69833,1198
N69835,470
N69838,2028
N69839,2080
N69840,1131
N69847,457
N69885,353
N69888,307
N698DL,782
N699BR,2065
N699DL,1431
N700AA,116
N700GS,2380
N700UW,1576
N701AA,66
N701BR,4101
N701DN,3953
N701FR,4177
N701GS,2014
N701SK,4179
N701UW,1774
N702AA,127
N702BR,3620
N702DN,4485
N702FR,4109
N702SK,3181
N702TW,1578
N702UW,1742
N703AA,89
N703AS,428
N703DN,156
N703JB,4551
N703SK,2562
N703SW,1405
N703TW,1682
N703UW,1905
N704AA,24
N704DK,2302
N704FR,4599
N704SW,2125
N704US,1826
N704X,2844
N705AA,65
N705AS,974
N705DN,4883
N705FR,4151
N705JB,4111
N705SK,2928
N705SW,1270
N705TW,1461
N705UW,2084
N706AS,1445
N706DN,4786
N706FR,4361
N706JB,4622
N706SK,2884
N706SW,1858
N706TW,2039
N707DN,2585
N707EV,4732
N707SA,1603
N707SK,3849
N707TW,614
N708AA,370
N708AS,206
N708DN,426
N708EV,4839
N708FR,4375
N708JB,4283
N708SK,3137
N708SW,2238
N708UW,1140
N709AA,832
N709BR,2899
N709DN,3744
N709EV,4421
N709FR,4288
N709JB,4043
N709SK,3889
N709SW,1629
N709TW,1194
N709UW,1106
N710AA,309
N710DN,1593
N710EV,4458
N710FR,4655
N710SK,3367
N710SW,2355
N710TW,3660
N710UW,1079
N711AA,84
N711FR,4555
N711HK,2732
N711UW,469
N711ZX,200
N712AA,851
N712EV,4500
N712FR,4744
N712JB,4333
N712SK,3622
N712SW,2316
N712TW,1972
N712US,3776
N713AA,52
N713AS,707
N713EV,4557
N713FR,4676
N713SK,3775
N713SW,2211
N713TW,700
N713UW,2229
N71411,1888
N714AA,39
N714CB,1796
N714FR,4806
N714US,612
N715AA,205
N715FR,4470
N715JB,4087
N715SK,2657
N715SW,1287
N715UW,2114
N716AA,132
N716EV,4708
N716SK,2421
N716SW,2002
N716UW,2645
N717AA,82
N717EV,4359
N717JL,2647
N717SA,1146
N717TW,1177
N717UW,1171
N718EV,4156
N718SK,3237
N718SW,2569
N718TW,1340
N719EV,3991
N719SK,2986
N719SW,342
N720EV,4595
N720WN,1660
N721AA,60
N721TW,734
N721UW,2505
N722AA,202
N722EV,3909
N722TW,1678
N722US,1022
N723AA,255
N723EV,4770
N723SW,2536
N723TW,1653
N723UW,678
N72405,1710
N724AA,272
N724EV,4217
N724SK,3977
N724SW,1756
N724UW,1105
N725AA,93
N725SW,2541
N725UW,1302
N726SK,3302
N726SW,1359
N727SK,3320
N727SW,2409
N727TW,777
N728SK,3474
N728SW,2553
N729JB,4258
N729SW,1173
N730AA,43
N730EV,4627
N730SK,4481
N730SW,2255
N730US,1277
N731SA,1460
N73251,3686
N73256,3250
N73259,2941
N73270,2236
N73275,3716
N73276,3086
N73278,3243
N73283,3235
N73291,2358
N732AA,56
N732SK,4100
N732SW,1375
N732US,2926
N733AA,554
N733SA,2321
N733UW,552
N73406,1515
N73445,3258
N734SA,1784
N735SA,2595
N736SA,845
N737AA,387
N737JW,1839
N737US,1643
N73860,4737
N738AA,609
N738CB,2775
N738EV,4338
N738SK,2516
N738US,2203
N739GB,1428
N74007,4985
N740AA,50
N740EV,4704
N740SK,3014
N740SW,1101
N740UW,1537
N741AA,17
N741EV,4601
N741SA,1973
N741UW,2547
N742AA,463
N742PS,2929
N742SK,3154
N742SW,2374
N743SK,4003
N743SW,2120
N744AA,12
N744EV,4669
N744P,912
N744SK,3563
N744SW,1175
N745AA,421
N745SK,2469
N745SW,2179
N745VJ,1210
N746AA,49
N746JB,4218
N746SK,3887
N746SW,1919
N746UW,2220
N747AA,189
N747SA,1812
N747UW,744
N74856,4815
N748AA,965
N748EV,4189
N748SK,4310
N748SW,2514
N748UW,2164
N749AA,863
N749SW,2020
N749US,915
N750AA,524
N750AT,611
N750EV,4396
N750SA,1368
N750SK,4036
N750UW,2331
N751AA,551
N751AT,4352
N751EV,4324
N751SK,3153
N751SW,1293
N751UW,1072
N752AA,1251
N752AT,2882
N752EV,4671
N752SK,4397
N752SW,2512
N752US,1163
N753AA,228
N753EV,4684
N753SK,2913
N753US,2624
N75410,3198
N75425,1755
N75426,2064
N75428,2411
N75429,2207
N75432,2454
N75433,3262
N75435,2731
N75436,3279
N754AA,280
N754EV,4459
N754SK,3704
N754SW,1823
N754UW,1604
N755AA,1262
N755EV,4489
N755SA,1564
N755SK,2488
N755US,2042
N756AA,180
N756AS,236
N756SA,2167
N756SK,2403
N756US,1561
N757AA,1383
N757LV,2827
N757UW,1304
N75851,4752
N75853,4767
N75854,4721
N75858,4847
N75861,4835
N758AA,2075
N758EV,4358
N758SK,2771
N758SW,2410
N758US,3449
N759EV,4312
N759GS,2663
N76010,5026
N76021,1665
N76054,4915
N76055,4632
N76062,3784
N76064,2689
N76065,4890
N760AA,391
N760AS,946
N760EV,4273
N760JB,4321
N760SK,1398
N760SW,1416
N760US,1378
N761ND,4384
N761RR,2843
N76254,3610
N76265,2677
N76269,2855
N76288,3403
N762AA,877
N762AS,67
N762SK,836
N762SW,2423
N762US,1496
N763AA,164
N763AS,63
N763JB,4499
N763SK,581
N763SW,1945
N763US,2375
N764AA,48
N764AS,73
N764SK,949
N764SW,2653
N764US,484
N76502,2234
N76503,2479
N76504,2141
N76505,3340
N76508,950
N76514,1372
N76515,2498
N76516,2208
N76517,752
N76519,2259
N76522,2441
N76523,1655
N76526,1283
N76528,984
N76529,2412
N76532,1364
N76533,2819
N765AA,78
N765AS,53
N765SK,472
N765SW,1328
N765US,934
N766AA,79
N766JB,4103
N766SK,3700
N766SW,2271
N766US,823
N767AA,674
N767AS,410
N767SK,2379
N767SW,1963
N767UW,899
N768AA,32
N768AS,31
N768JB,4084
N768SK,4095
N768SW,2196
N768UA,4305
N768US,2395
N769AA,495
N769AS,1440
N769SW,1207
N769UA,4366
N769US,1279
N77006,5009
N77012,3749
N77014,4976
N77019,4668
N7701B,1781
N77022,4782
N7702A,1631
N7703A,1926
N7704B,2257
N7705A,486
N77066,2931
N7706A,1381
N7707C,1074
N7708E,1722
N7709A,937
N770AA,224
N770SA,1896
N770SK,2434
N770UW,2897
N7710A,3090
N7711N,3116
N7712G,1830
N7713A,868
N7714B,1703
N7715E,2119
N7716A,1385
N7717D,2187
N7718B,1925
N7719A,1542
N771SA,2607
N771SK,3763
N771UA,4852
N7720F,2959
N7721E,1127
N7722B,1582
N7723E,2533
N7724A,2267
N77258,2583
N7725A,2481
N77261,2637
N7726A,1110
N7727A,1563
N7728D,1695
N77295,3973
N7729A,2185
N772SK,3006
N772SW,1681
N772UA,3747
N7730A,1666
N7731A,1881
N7732A,2186
N7733B,1549
N7734H,1557
N7735A,2093
N7736A,1625
N7737E,2452
N7738A,2556
N7739A,1489
N773SA,2539
N773SK,3542
N773UA,4547
N7740A,2293
N7741C,2428
N7742B,1276
N77430,2216
N77431,1705
N7743B,2807
N7744A,1432
N7745A,1406
N7746C,1584
N7747C,1949
N7748A,1459
N7749B,2307
N774SK,3992
N774SW,1322
N774UA,4844
N7750A,1493
N77510,1320
N77518,2873
N7751A,2408
N77520,1807
N77525,1856
N7752B,1872
N77530,2949
N77535,2345
N77536,1024
N77537,2780
N775JB,4573
N775SW,1289
N775UA,4658
N776SK,2168
N776UA,4624
N776WN,1637
N777QC,1226
N777UA,4748
N77865,4909
N77867,4840
N77871,4756
N778AS,721
N778SK,2906
N778SW,1608
N778UA,4450
N779AS,179
N779CA,2765
N779JB,4612
N779SK,3349
N779SW,2253
N779UA,2636
N78001,4986
N78002,639
N78003,3959
N78004,3974
N78005,2456
N78008,4995
N78009,3899
N78013,4926
N78017,4969
N78060,4837
N780SK,4341
N780SW,1880
N780UA,4807
N7811F,2691
N7812G,745
N7813P,3018
N7814B,2568
N7815L,1748
N7816B,1683
N7817J,1802
N7818L,1754
N7819A,3805
N781CA,1023
N781UA,4884
N781WN,2672
N7820J,2911
N7820L,2820
N7821L,1138
N7822A,2055
N7823A,1026
N7824A,3560
N7825A,1824
N7826B,1064
N7827A,1990
N78285,2742
N7828A,1959
N7829B,2205
N782SA,1862
N782SK,3089
N782UA,2351
N7830A,2455
N7831B,1252
N7832A,2661
N7833A,2510
N7834A,1960
N7835A,2313
N7836A,3148
N7837A,1346
N7838A,2261
N7839A,2397
N783AA,4351
N783CA,1851
N783SK,3770
N783SW,1454
N783UA,4939
N7840A,3352
N7841A,3151
N7842A,710
N78438,1885
N7843A,1453
N78448,1558
N7844A,2739
N7845A,828
N7846A,1792
N7847A,1182
N7848A,2804
N7849A,555
N784AA,4392
N784JB,4480
N784SK,3580
N784SW,1651
N784UA,5016
N78501,4349
N78506,2593
N78509,2305
N7850B,4159
N78511,500
N7851A,4063
N78524,1434
N785AA,3978
N785SK,2921
N785SW,2202
N785UA,4848
N786AA,4200
N786SK,3547
N786SW,2337
N786UA,4863
N7873A,2078
N7874B,1877
N7875A,2440
N7876A,3074
N7877H,1689
N7878A,2919
N7879A,3950
N787AA,4013
N787SA,1518
N787SK,3703
N787UA,4943
N7880D,2809
N7881A,241
N7882B,2750
N7884G,3273
N78866,4647
N788AA,4214
N788AS,515
N788SA,1950
N788SK,2260
N788UA,4787
N789AA,4362
N789JB,4674
N789SK,3253
N789SW,2846
N79011,5006
N790AA,4511
N790SK,3465
N790SW,1119
N791AA,4618
N791AS,388
N791SK,3196
N791SW,1246
N791UA,4912
N79279,2475
N792AA,3761
N792AS,385
N792SK,3492
N792SW,922
N792UA,4277
N793AA,3701
N793AS,148
N793JB,3946
N793SA,928
N793SK,2990
N793UA,4253
N79402,2764
N794AA,3193
N794AS,1125
N794JB,4549
N794SK,2400
N794SW,1427
N794UA,4919
N79521,1597
N795AA,4529
N795AS,144
N795SK,3888
N795SW,1721
N795UA,408
N796AA,4501
N796AS,1112
N796JB,4012
N796SK,3441
N796SW,1490
N796UA,3990
N797AA,3755
N797AS,299
N797MX,1531
N797SK,3176
N797UA,3541
N798AA,4270
N798SW,2122
N798UA,4868
N799AA,3993
N799AS,537
N799SW,1639
N799UA,4775
N7AAAA,4923
N7ABAA,4897
N7ACAA,4967
N7ADAA,4953
N7AEAA,4412
N7AFAA,4380
N7AGAA,4941
N7AHAA,4895
N7AJAA,4369
N7AKAA,4910
N7ALAA,4887
N7AMAA,4175
N7ANAA,4984
N7APAA,4700
N7ARAA,4961
N7ASAA,4991
N7ATAA,4896
N7AUAA,4925
N7AVAA,5004
N7AWAA,4468
N7AXAA,4998
N7AYAA,4649
N7BAAA,4892
N7BBAA,4935
N7BCAA,4898
N7BDAA,4457
N7BEAA,4949
N7BFAA,4918
N7BGAA,2194
N7BHAA,4805
N7BJAA,4820
N7BKAA,4850
N7BLAA,4681
N7BMAA,4977
N7BNAA,4981
N7BPAA,4934
N7BRAA,4973
N7BSAA,5003
N7BTAA,4849
N7BUAA,4227
N7BVAA,5000
N7BWAA,4812
N7BXAA,4821
N7BYAA,4587
N7CAAA,4931
N7CBAA,4602
N7CCAA,5010
N7LAAA,4342
N7LBAA,4899
N7LCAA,3876
N7LDAA,5011
N7LEAA,4431
N7LFAA,3814
N7LGAA,4751
N7LHAA,4789
N7LJAA,4729
N7LKAA,5001
N7LLAA,4954
N7LMAA,4724
N7LNAA,3337
N7LPAA,4846
N7LRAA,4950
N7LSAA,4725
N7LTAA,4733
N7LUAA,4851
N7LVAA,4261
N7LWAA,4615
N800SK,3280
N801AA,54
N801AW,1004
N801DZ,354
N801NW,3113
N801UA,3050
N802AA,833
N802AW,2698
N802DN,244
N802NW,753
N802SK,2359
N802UA,1707
N803AA,1933
N803AW,1145
N803DN,175
N803NW,948
N803SK,1468
N803UA,2463
N804AA,1099
N804AW,1550
N804DN,323
N804JB,3824
N804NW,4057
N804SK,1899
N804UA,2779
N805AA,681
N805AW,2342
N805DN,137
N805JB,4401
N805NW,534
N805SK,2787
N805UA,3522
N806AA,1219
N806AW,1838
N806DN,338
N806JB,3658
N806NW,4325
N806SK,1893
N806UA,3411
N807AA,55
N807AW,2448
N807DN,72
N807JB,4491
N807NW,1504
N807SK,3361
N807UA,1370
N808AA,308
N808AW,620
N808DN,368
N808NW,4092
N808UA,718
N809AA,140
N809AW,1221
N809CA,3177
N809DN,437
N809JB,3825
N809NW,1104
N809SK,1654
N809UA,1727
N810AA,849
N810AW,1551
N810DN,143
N810NW,806
N810SK,1330
N810UA,3429
N811DZ,305
N811NW,223
N811UA,3037
N812AA,340
N812AW,414
N812DN,459
N812NW,2362
N812SK,1699
N812UA,1938
N813AA,86
N813AW,622
N813DN,111
N813NW,4578
N813SK,2427
N813UA,2373
N81449,2723
N814AA,1069
N814AW,975
N814DN,218
N814NW,532
N814SK,1713
N814UA,3207
N815AA,1910
N815AW,2618
N815DN,107
N815NW,2690
N815SK,2994
N815UA,2700
N816AA,986
N816AW,894
N816DN,96
N816NW,4144
N816SK,2324
N816UA,1803
N817AA,44
N817AW,1495
N817DN,115
N817NW,629
N817SK,1697
N817UA,2033
N818AA,109
N818AW,1019
N818DA,275
N818NW,1527
N818UA,2716
N819AA,909
N819AW,784
N819DN,265
N819DX,1939
N819NW,497
N819UA,2049
N820AA,69
N820AW,636
N820DN,124
N820DX,2981
N820NW,521
N820SK,2059
N820UA,2697
N821AA,318
N821AS,99
N821AW,1323
N821DN,264
N821DX,3928
N821JB,4110
N821NW,1497
N821SK,2540
N821UA,2805
N822AA,739
N822AW,732
N822DN,184
N822DX,4138
N822NW,956
N822SK,2117
N822UA,2274
N823AA,543
N823AS,3022
N823AW,625
N823DN,59
N823DX,536
N823NW,2917
N823SK,1317
N823UA,2656
N824AA,2309
N824AS,3894
N824AW,1525
N824DN,762
N824NW,2975
N824SK,2684
N824UA,2942
N825AA,237
N825AW,1870
N825DN,291
N825MH,8
N825NW,2121
N825SK,2735
N825UA,3933
N826AA,1674
N826AW,921
N826DN,239
N826MH,4334
N826NW,70
N826UA,2566
N827AA,433
N827AW,740
N827DN,183
N827JB,3929
N827MH,4962
N827NW,436
N827UA,2396
N828AA,225
N828AW,1731
N828DN,396
N828JB,2831
N828MH,3683
N828NW,3323
N828UA,3384
N829AA,114
N829AW,881
N829DN,324
N829MH,4964
N829NW,1243
N829UA,2567
N8301J,944
N8302F,1133
N8303R,1206
N8305E,976
N8306H,535
N8307K,972
N8308K,858
N8309C,725
N830AA,2474
N830AW,864
N830DN,186
N830MH,3298
N830UA,2369
N8310C,623
N8311Q,1047
N8312C,627
N8313F,2378
N8314L,1193
N8315C,583
N8316H,467
N8317M,1107
N8318F,1094
N8319F,736
N831AA,403
N831AW,2673
N831DN,277
N831MH,4790
N831UA,2128
N8320J,602
N8321D,332
N8322X,1122
N8323C,763
N8324A,1634
N8325D,573
N8326F,584
N8327A,1519
N8328A,570
N8329B,890
N832AA,2563
N832AW,1599
N832DN,289
N832MH,4114
N832UA,1618
N833AA,941
N833AW,1309
N833DN,294
N833MH,1213
N833UA,2199
N834AA,98
N834AW,998
N834DN,698
N834JB,3828
N834MH,229
N834UA,2734
N835AA,123
N835AW,1533
N835DN,300
N835MH,1053
N835UA,1458
N835VA,2971
N836AA,334
N836AW,2414
N836DN,119
N836MH,4860
N836UA,2015
N836VA,3121
N837AA,281
N837AW,257
N837DN,197
N837MH,4610
N837UA,2204
N837VA,4076
N838AA,235
N838AW,1606
N838DN,219
N838MH,190
N838UA,1240
N838VA,4399
N839AA,720
N839AW,1366
N839DN,216
N839MH,4933
N839UA,2068
N839VA,3238
N840AA,270
N840AW,982
N840DN,210
N840MH,3605
N840UA,797
N840VA,3879
N841DN,587
N841MH,3529
N841UA,3101
N841VA,3468
N842DN,97
N842MH,3858
N842UA,1650
N842VA,3284
N843AS,2389
N843DN,326
N843MH,2278
N843UA,2360
N843VA,3513
N844AS,4007
N844DN,162
N844MH,221
N844UA,2222
N844VA,3754
N845DN,182
N845MH,4916
N845UA,2213
N845VA,3818
N846AS,1866
N846DN,174
N846UA,3276
N846VA,3679
N847AS,4115
N847DN,383
N847UA,1580
N847VA,4096
N848AS,4376
N848DN,193
N848UA,1845
N848VA,3768
N849AS,3585
N849DN,94
N849UA,2998
N849VA,3808
N8501V,303
N8502Z,151
N8503A,461
N8504G,268
N8507C,1943
N8508W,3165
N8509U,637
N850AA,4117
N850AS,2754
N850DN,100
N850UA,3052
N8510E,1546
N8511K,3145
N8512U,1049
N8513F,446
N8517F,7
N851AA,3603
N851AS,4271
N851DN,103
N851NW,122
N851UA,2291
N851VA,3666
N852AA,4404
N852AS,3943
N852DN,74
N852NW,0
N852UA,2363
N852VA,3680
N853AA,2876
N853AS,3091
N853DN,46
N853NW,10
N853UA,2135
N853VA,3842
N854AA,2548
N854AS,4385
N854DN,155
N854NW,3
N854UA,1587
N854VA,4391
N855AA,3456
N855AS,4133
N855DN,191
N855NW,4947
N855UA,1981
N855VA,3368
N856AA,3781
N856AS,3174
N856DN,128
N856NW,5005
N857AA,3309
N857AS,2555
N857DZ,737
N857NW,5008
N858AA,2511
N858AS,4016
N858DZ,429
N858NW,9
N859AA,3285
N859AS,3618
N859DN,613
N859NW,87
N8600F,1601
N8601C,879
N8602F,649
N8603F,547
N8604K,960
N8605E,891
N8606C,747
N8607M,313
N8608N,531
N8609A,731
N860AA,3373
N860AS,2847
N860DA,6
N860DN,110
N860NW,5028
N8610A,1025
N8611F,345
N8612K,386
N8613K,940
N8614M,259
N8615E,427
N8616C,687
N8617E,1239
N8618N,834
N8619F,730
N861AA,2939
N861AS,1941
N861DA,1242
N861DN,854
N861NW,112
N8620H,473
N8621A,703
N8622A,1343
N8623F,406
N8624J,631
N8625A,381
N8626B,295
N8627B,692
N8628A,837
N8629A,369
N862AA,3539
N862AS,3706
N862DA,4987
N862DN,95
N8630B,1121
N8631A,1008
N8632A,544
N8633A,749
N8634A,1249
N8635F,660
N8637A,352
N8638A,487
N8639B,1005
N863AA,3342
N863AS,2314
N863DA,4960
N863DN,979
N8640D,817
N8641B,376
N8642E,365
N8643A,596
N8644C,911
N8645A,466
N8646B,438
N8647A,147
N8648A,341
N8649A,561
N864AA,2777
N864AS,871
N864DA,897
N864DN,51
N8650F,485
N8651A,808
N8652B,705
N86534,1694
N8653A,855
N8654B,759
N8655D,344
N8656B,689
N8657B,724
N8658A,794
N8659D,824
N865AA,3740
N865DA,5
N865DN,160
N8660A,799
N8661A,942
N8662F,603
N8663A,819
N8664J,1433
N8665D,528
N8667D,905
N8668A,262
N8669B,742
N866AA,4346
N866AS,310
N866DA,4635
N866DN,540
N8670A,462
N8671D,465
N8672F,337
N8673F,741
N8674B,887
N8675A,604
N8676A,1174
N8677A,1222
N8678E,807
N8679A,1195
N867AA,4426
N867AS,3442
N867DA,5032
N867DN,1331
N8680C,1006
N8681M,1596
N8682B,1111
N8683D,988
N8684F,608
N8685B,1034
N8686A,1011
N8687A,522
N8688J,1167
N8689C,1312
N868AA,4272
N868AS,4108
N868CA,1065
N868DN,3412
N8690A,565
N8691A,2801
N8692F,118
N8693A,121
N8694E,432
N8695D,201
N8696E,455
N8697C,2073
N8698B,846
N8699A,499
N869AA,4120
N869AS,3376
N870AA,3499
N870AS,2902
N871AA,4146
N871AS,3765
N872AA,4379
N872AS,3841
N873AA,4246
N873AS,3967
N874AA,3525
N874AS,3839
N87507,2133
N87512,2910
N87513,1636
N87527,1341
N87531,2956
N875AA,3098
N875AS,2286
N876AA,3370
N876AS,4377
N877AA,4129
N877AS,4408
N878AA,3056
N878AS,3625
N879AA,3475
N879AS,4516
N880AA,3422
N880AS,4296
N881AA,3351
N881AS,2071
N8828D,1686
N882AA,3572
N882AS,3131
N883AA,3850
N883AS,3681
N884AA,4102
N884AS,3871
N885AA,4172
N885AS,1904
N886AA,3537
N886AS,1303
N887AA,4040
N8884E,1351
N888AA,4026
N889AA,3594
N889AS,226
N889UA,2718
N8903A,1084
N890AA,3861
N890UA,1918
N891AA,4237
N891AT,1540
N8923A,2491
N892AA,4064
N892AT,2325
N8932C,2288
N8933B,913
N893AA,4418
N893AT,2315
N8942A,670
N894AA,3708
N894AT,1349
N895AA,3906
N895AT,1786
N8965E,1753
N8968E,2118
N896AA,4044
N896AT,1235
N896SK,2105
N897AA,4251
N897SK,1869
N8982A,667
N898AA,4130
N898SK,2290
N899AA,3512
N899AT,1247
N899SK,2086
N8AAAA,4902
N8ABAA,4881
N8ACAA,4946
N8ADAA,4886
N8AEAA,4904
N8AFAA,4648
N8AGAA,4826
N8AHAA,4795
N8AJAA,4952
N8AKAA,4927
N8ALAA,4891
N8AMAA,4932
N8ANAA,4865
N8APAA,4966
N8ARAA,5014
N8ASAA,4940
N8ATAA,4809
N8LAAA,4709
N8LBAA,1505
N8LCAA,5013
N900DE,1281
N900EV,3878
N900PC,2887
N900WN,895
N901AW,4572
N901DA,1642
N901DE,556
N901EV,4286
N901NK,4239
N901WN,2082
N902AW,2784
N902DA,2294
N902DE,1315
N902EV,4224
N902FR,3750
N902NK,1632
N902WN,1841
N903DA,2387
N903DE,1725
N903EV,4698
N903JB,4371
N903NK,4813
N903SW,2900
N903WN,539
N904AW,1743
N904DA,1871
N904DE,1400
N904DL,1935
N904EV,4449
N904NK,3379
N904WN,1318
N905DA,1155
N905DE,113
N905DL,1861
N905EV,4532
N905FR,4215
N905JB,4141
N905NK,5024
N905SW,4193
N905WN,2297
N906AT,203
N906AW,3175
N906DA,2010
N906DE,727
N906DL,1160
N906EV,4453
N906FR,4688
N906SW,729
N906WN,2148
N907DA,1361
N907DE,1333
N907DL,1929
N907EV,4125
N907JB,4803
N907SW,506
N907WN,2365
N908AA,626
N908AW,1589
N908DA,2144
N908DE,590
N908DL,1176
N908EV,4181
N908FR,188
N908SW,3206
N908WN,1667
N909AW,3103
N909DA,2170
N909DE,1470
N909EV,4345
N909SW,3734
N909WN,1422
N910AT,2576
N910AW,1741
N910DE,1265
N910DL,2226
N910DN,1902
N910EV,779
N910FR,4119
N910SW,2706
N910WN,1290
N911DA,2085
N911DE,1895
N911DL,723
N912AA,444
N912DE,664
N912DL,657
N912DN,1947
N912EV,443
N912FR,11
N912SW,2788
N912UY,1821
N912WN,1256
N913AA,711
N913DE,1029
N913DL,1611
N913DN,1931
N913EV,959
N913JB,4656
N913SW,2341
N913US,3424
N913WN,1793
N914AA,1857
N914DE,1435
N914DL,1147
N914DN,1178
N914EV,4105
N914UY,1624
N914WN,2137
N915AA,562
N915AT,3678
N915DE,1808
N915DL,1771
N915DN,1300
N915EV,1962
N915SW,2999
N915US,2574
N915WN,1168
N916AA,125
N916DE,717
N916DL,1985
N916DN,1775
N916EV,4010
N916SW,4202
N916US,2950
N916WN,954
N917AA,213
N917DE,896
N917DL,1562
N917DN,2385
N917EV,4276
N917SW,3212
N917UY,2098
N917WN,2280
N918AA,774
N918DE,1201
N918DH,2329
N918DL,2470
N918FR,4132
N918SW,3330
N918US,3141
N918WN,2381
N919AA,1028
N919AT,1502
N919DE,1180
N919DL,2478
N919DN,2037
N919EV,4326
N919FR,3508
N919SW,3514
N919US,3105
N919WN,2180
N920AA,422
N920AT,1298
N920DE,1474
N920DL,1621
N920DN,767
N920EV,2353
N920FR,4332
N920SW,3826
N920US,1485
N920WN,1757
N921AA,1218
N921AT,2088
N921DL,1602
N921DN,665
N921EV,3247
N921FR,3428
N921US,3321
N921WN,1860
N922AA,71
N922AT,1800
N922DL,785
N922DX,2526
N922EV,3785
N922FR,4344
N922US,1365
N922WN,1148
N923AA,178
N923AT,1185
N923DL,1892
N923DN,2664
N923EV,2947
N923FR,4372
N923JB,3393
N923SW,3110
N923US,2438
N923WN,1843
N924AA,2092
N924AT,1687
N924DL,1141
N924DN,2468
N924EV,4199
N924FR,694
N924SW,3100
N924US,1835
N924WN,1345
N925AA,397
N925AT,2069
N925DL,1691
N925DN,1555
N925EV,3799
N925FR,4747
N925SW,3434
N925UY,1109
N925WN,1203
N926AA,1924
N926AT,3543
N926DH,3307
N926DL,1409
N926EV,4256
N926FR,3698
N926SW,2047
N926UW,2094
N926WN,1447
N927AA,1842
N927AT,2256
N927DA,1356
N927DN,1627
N927EV,3299
N927FR,4535
N927SW,2326
N927UW,2432
N927WN,1291
N928AT,1828
N928DL,1917
N928DN,2361
N928EV,3689
N928FR,4439
N928SW,3003
N928WN,1329
N929AT,1027
N929DL,838
N929DN,1940
N929EV,3064
N929JB,3282
N929SW,3558
N929WN,1384
N930AT,3695
N930DL,553
N930DN,1526
N930EV,987
N930SW,3655
N930WN,1386
N931DL,935
N931DN,2103
N931EV,3851
N931WN,1200
N932AT,796
N932DL,477
N932DN,1462
N932EV,3158
N932FR,4383
N932SW,3023
N932WN,1750
N933AT,2198
N933DL,1443
N933DN,1733
N933EV,1876
N933FR,2192
N933WN,1724
N934AT,2490
N934DL,1151
N934DN,2067
N934FR,4021
N934JB,3924
N934SW,3317
N934WN,1585
N935AA,2405
N935AT,2934
N935DL,977
N935DN,2591
N935FR,4319
N935JB,3356
N935SW,1261
N935UW,4779
N935WN,2277
N936AA,2803
N936AT,1150
N936DL,2165
N936DN,2151
N936EV,4154
N936SW,512
N936UW,4576
N936WN,2087
N937AA,490
N937AT,1656
N937DL,2101
N937DN,1772
N937EV,4023
N937JB,3804
N937SW,3130
N937UW,3891
N937WN,2044
N938AA,2746
N938AT,2724
N938DL,1190
N938DN,2158
N938FR,2825
N938SW,4031
N938UW,4646
N938WN,2104
N939AA,1387
N939AT,1046
N939DL,2091
N939DN,2262
N939FR,3684
N939SW,2925
N939UW,4520
N939WN,1701
N940AA,1954
N940AT,1844
N940DL,1437
N940DN,919
N940UW,1887
N940WN,1310
N941AA,513
N941DL,1609
N941DN,2650
N941FR,4186
N941SW,3494
N941UW,4446
N941WN,1849
N942AA,2386
N942AT,1055
N942DL,826
N942DN,2051
N942JB,2890
N942UW,880
N942WN,1827
N943AT,1464
N943DL,1377
N943DN,1469
N943FR,3968
N943JB,3966
N943SW,4252
N943WN,1659
N944AA,452
N944AT,2881
N944DL,1616
N944DN,2131
N944JB,3872
N944SW,1544
N944UW,2466
N944WN,2209
N945AA,1089
N945AT,1567
N945DL,1043
N945DN,2062
N945JB,3727
N945SW,2894
N945UW,3383
N945WN,1900
N946AA,3607
N946AT,1423
N946DL,889
N946DN,1267
N946JB,3644
N946SW,3327
N946UW,3183
N946WN,850
N947AA,2952
N947AT,1480
N947DL,715
N947DN,1554
N947FR,4121
N947JB,4300
N947SW,3444
N947UW,2622
N947WN,1342
N948AA,2457
N948AT,2016
N948DL,616
N948DN,2176
N948FR,3847
N948JB,4878
N948SW,3667
N948UW,1971
N948WN,2532
N949AA,1511
N949AT,1752
N949DL,530
N949DN,675
N949FR,3732
N949JB,4823
N949UW,2908
N949WN,2132
N950AA,1172
N950AT,2232
N950DL,1091
N950DN,2112
N950JB,4519
N950UW,3094
N950WN,2495
N951AA,901
N951AT,2004
N951DL,1600
N951DN,2744
N951FR,4452
N951SW,4019
N951UW,4220
N951WN,1852
N952AA,1080
N952AT,2665
N952DL,1664
N952DN,1508
N952FR,4070
N952JB,4830
N952SW,3380
N952UW,2865
N952WN,1998
N953AA,1673
N953AT,3453
N953DL,886
N953DN,1663
N953FR,4165
N953SW,684
N953UW,1957
N953WN,2357
N954AA,493
N954AT,1338
N954DL,1092
N954DN,1130
N954FR,3632
N954JB,4685
N954SW,2885
N954UW,2762
N954WN,2145
N955AA,1809
N955AT,2312
N955DL,726
N955DN,2829
N955JB,4845
N955SW,2177
N955UW,2648
N955WN,900
N956AA,2162
N956AT,3035
N956DL,1241
N956DN,1766
N956JB,4365
N956SW,4139
N956UW,2758
N956WN,1215
N957AA,1509
N957AT,1944
N957DL,589
N957DN,1987
N957JB,4355
N957SW,2687
N957UW,2184
N957WN,825
N958AA,908
N958AT,1523
N958DL,958
N958DN,1886
N958JB,4507
N958SW,3986
N958UW,3438
N958WN,1113
N959AA,2398
N959AT,1818
N959DL,1142
N959DN,1751
N959JB,4545
N959SW,2776
N959UW,2252
N959WN,1868
N960AT,1399
N960DL,2070
N960DN,1448
N960SW,4082
N960WN,1311
N961AA,615
N961AT,2391
N961DL,939
N961DN,1730
N961JB,3659
N961SW,3313
N961UW,3252
N961WN,2285
N962DL,1136
N962DN,1758
N962JB,2599
N962SW,4483
N962WN,1767
N963AA,250
N963AT,1390
N963DL,1285
N963DN,1379
N963SW,3202
N963UW,2987
N963WN,1033
N964AT,885
N964DL,699
N964DN,1969
N964JB,3717
N964SW,2922
N964WN,1479
N965AA,842
N965AT,1740
N965DL,861
N965DN,1598
N965JB,4882
N965SW,3834
N965UW,3772
N965WN,1507
N966AT,1996
N966DL,706
N966JB,3718
N966WN,1020
N967AA,591
N967AT,2912
N967DL,1415
N967JB,3339
N967SW,3063
N967UW,3921
N967WN,1334
N968AT,1854
N968DL,2140
N968JB,2590
N968WN,1430
N969AT,1248
N969DL,757
N969JB,3218
N969SW,3822
N969WN,1161
N970AA,409
N970AT,1769
N970DL,1115
N970JB,2534
N970SW,3975
N970UY,2738
N971AA,90
N971AT,1054
N971DL,1934
N971JB,4353
N971SW,2171
N971UY,1698
N972AA,1316
N972AT,3835
N972DL,1224
N972UY,2461
N973AA,1746
N973DL,910
N973SW,3633
N973UY,3133
N974AA,120
N974AT,2649
N974DL,1225
N974JB,4993
N974UY,2668
N975AA,1135
N975AT,2612
N975DL,1728
N975SW,2508
N975UY,1712
N976AA,990
N976DL,907
N976SW,3033
N976UY,2492
N977AA,1070
N977AT,1763
N977DL,1412
N977UY,3546
N978AA,927
N978AT,2268
N978DL,1199
N978SW,3519
N978UY,1983
N979AA,2977
N979AT,1948
N979DL,1451
N979EV,1010
N979SW,3406
N979UY,2439
N980AA,176
N980AT,2974
N980DL,585
N980EV,2639
N980SW,3296
N980UY,2494
N981AA,80
N981AT,3365
N981DL,398
N981EV,4822
N981UY,2835
N982AA,508
N982AT,2248
N982DL,2077
N982SW,3524
N982VJ,3484
N983AT,2146
N983CA,4314
N983DL,677
N983SW,1635
N984CA,3333
N984DL,1001
N985AT,1633
N985DL,1326
N986AA,2500
N986AT,992
N986DL,840
N986SW,3481
N987AA,2350
N987AT,2153
N987DL,1238
N987DN,1030
N988AA,4143
N988AT,953
N988CA,3463
N988DL,848
N988DN,1230
N989AA,1401
N989AT,1463
N989DL,1436
N989DN,1652
N990AA,4745
N990AT,2027
N990DL,496
N991AA,3315
N991AT,2424
N991DL,448
N992AA,2728
N992AT,2431
N992DL,1292
N993AA,4191
N993AT,2995
N993DL,1264
N994AA,4004
N994AT,1875
N994DL,792
N995AA,2702
N995AT,1927
N995DL,317
N996AT,2736
N996DL,1822
N997AT,2322
N997DL,1693
N998AT,1156
N998DL,771
N999DN,1787
N999FR,4419
PLANET,1782
